datetime,chc,lpz,scz
2024-09-24 11:50,nan,0.2258748,2.117775
2024-09-24 11:20,nan,0.25523466,3.4909842
2024-09-24 12:50,nan,0.055803385,1.5590899
2024-09-24 12:20,nan,0.15058719,1.8641706
2024-09-24 13:50,nan,-0.05,1.17772
2024-09-24 13:20,nan,-0.05,1.3531857
2024-09-24 14:50,nan,-0.05,1.0799309
2024-09-24 14:20,nan,-0.05,1.0289171
2024-09-24 15:50,nan,-0.05,1.0883304
2024-09-24 15:30,nan,-0.05,1.033849
2024-09-24 16:50,nan,0.34770665,0.8476719
2024-09-24 16:20,nan,0.28451747,1.0952657
2024-09-24 17:50,nan,nan,0.9251943
2024-09-24 17:20,nan,nan,0.97189265
2024-09-24 18:50,nan,nan,0.9943171
2024-09-24 18:20,nan,nan,0.8629298
2024-09-24 19:50,nan,nan,1.1028948
2024-09-24 19:20,nan,nan,0.99454826
2024-09-24 20:50,nan,nan,1.8498373
2024-09-24 20:20,nan,nan,1.451283
2024-09-24 21:50,nan,nan,nan
2024-09-24 21:20,nan,nan,nan
2024-09-24 22:50,nan,nan,nan
2024-09-24 22:20,nan,nan,nan
2024-09-25 11:50,nan,0.32204568,2.5897675
2024-09-25 11:20,nan,nan,3.3363247
2024-09-25 12:50,0.060889345,0.20922984,2.2224996
2024-09-25 12:20,nan,nan,2.451753
2024-09-25 13:50,0.041701403,0.0509486,1.8692565
2024-09-25 13:20,0.04023726,0.13132219,2.0140522
2024-09-25 14:50,0.13895112,-0.05,1.851918
2024-09-25 14:20,0.051873323,-0.02981028,1.7811769
2024-09-25 15:50,nan,-0.05,1.6908625
2024-09-25 15:20,nan,-0.05,1.6587285
2024-09-25 16:50,nan,0.44102633,1.8968439
2024-09-25 16:20,nan,0.43594036,1.6390783
2024-09-25 17:50,nan,0.19982854,1.0388578
2024-09-25 17:20,nan,0.47547215,1.1858884
2024-09-25 18:50,nan,nan,1.2062322
2024-09-25 18:20,nan,0.32042742,1.1104466
2024-09-25 19:50,nan,nan,1.5608623
2024-09-25 19:20,nan,nan,1.8405131
2024-09-25 20:50,nan,0.38107362,1.8412837
2024-09-25 20:20,nan,nan,1.569493
2024-09-25 21:50,nan,nan,nan
2024-09-25 21:20,nan,0.42515197,nan
2024-09-25 22:50,nan,nan,nan
2024-09-25 22:20,nan,nan,nan
2024-09-26 11:50,nan,nan,nan
2024-09-26 11:20,nan,nan,nan
2024-09-26 12:50,nan,nan,2.4522924
2024-09-26 12:20,nan,nan,nan
2024-09-26 13:50,nan,nan,nan
2024-09-26 13:20,0.1804094,nan,2.0624459
2024-09-26 14:50,nan,0.21585701,nan
2024-09-26 14:20,nan,0.24906988,nan
2024-09-26 15:50,nan,nan,nan
2024-09-26 15:20,nan,nan,nan
2024-09-26 16:50,nan,nan,nan
2024-09-26 16:20,nan,nan,nan
2024-09-26 17:50,nan,nan,nan
2024-09-26 17:20,nan,nan,nan
2024-09-26 18:50,nan,nan,nan
2024-09-26 18:20,nan,nan,nan
2024-09-26 19:50,nan,nan,nan
2024-09-26 19:20,nan,nan,nan
2024-09-26 20:50,nan,nan,nan
2024-09-26 20:20,nan,nan,nan
2024-09-26 21:50,nan,nan,nan
2024-09-26 21:20,0.16353327,nan,nan
2024-09-26 22:50,nan,nan,nan
2024-09-26 22:20,nan,nan,nan
2024-09-27 11:50,nan,nan,nan
2024-09-27 11:20,nan,nan,nan
2024-09-27 12:50,nan,nan,1.1492848
2024-09-27 12:20,nan,nan,1.5943835
2024-09-27 13:50,nan,nan,nan
2024-09-27 13:20,nan,nan,1.0870974
2024-09-27 14:50,nan,0.19258489,1.2050763
2024-09-27 14:20,nan,0.03530542,1.7012657
2024-09-27 15:50,nan,0.05757576,0.9653426
2024-09-27 15:20,nan,0.17054573,1.226499
2024-09-27 16:00,nan,0.13278633,0.8801142
2024-09-30 11:50,nan,0.32851872,1.6673592
2024-09-30 11:20,nan,0.53049296,2.5149422
2024-09-30 12:50,nan,0.19489668,1.8047572
2024-09-30 12:20,nan,0.21339108,2.0352437
2024-09-30 13:50,nan,0.04077668,1.4265467
2024-09-30 13:20,nan,0.11984025,1.812155
2024-09-30 14:50,nan,0.22710778,1.8302641
2024-09-30 14:20,nan,0.03391834,1.8882132
2024-09-30 15:50,nan,nan,1.6309099
2024-09-30 15:20,nan,0.3427748,1.7115917
2024-09-30 16:50,nan,nan,1.0888698
2024-09-30 16:20,nan,nan,1.460376
2024-09-30 17:50,nan,nan,1.3421661
2024-09-30 17:20,nan,nan,1.1485143
2024-09-30 18:50,nan,nan,1.1583009
2024-09-30 18:20,nan,nan,1.1670858
2024-09-30 19:50,nan,nan,1.259866
2024-09-30 19:20,nan,nan,1.172557
2024-09-30 20:50,nan,nan,1.8223269
2024-09-30 20:20,nan,nan,1.3679041
2024-09-30 21:50,nan,nan,nan
2024-09-30 21:20,nan,nan,nan
2024-09-30 22:50,nan,nan,nan
2024-09-30 22:20,nan,nan,nan
2024-10-01 11:50,nan,nan,nan
2024-10-01 11:20,nan,nan,nan
2024-10-01 12:50,nan,nan,nan
2024-10-01 12:20,nan,nan,nan
2024-10-01 13:50,nan,nan,nan
2024-10-01 13:20,nan,nan,nan
2024-10-01 14:50,nan,0.0871668,nan
2024-10-01 14:20,0.18541831,nan,nan
2024-10-01 14:50,nan,0.0871668,nan
2024-10-01 15:50,nan,-0.05,nan
2024-10-01 15:50,nan,-0.05,nan
2024-10-01 16:50,nan,nan,nan
2024-10-01 16:50,nan,nan,nan
2024-10-01 17:50,nan,nan,nan
2024-10-01 17:50,nan,nan,nan
2024-10-01 18:50,nan,nan,0.7750044
2024-10-01 18:50,nan,nan,0.7750044
2024-10-01 19:50,nan,nan,0.8647793
2024-10-01 20:50,nan,nan,0.96919554
2024-10-01 20:50,nan,nan,0.96919554
2024-10-02 10:50,nan,nan,nan
2024-10-02 10:50,nan,nan,nan
2024-10-02 16:50,nan,nan,nan
2024-10-02 16:50,nan,nan,nan
2024-10-02 17:50,nan,nan,nan
2024-10-02 17:50,nan,nan,nan
2024-10-02 18:50,nan,nan,1.087714
2024-10-02 18:50,nan,nan,1.087714
2024-10-02 19:50,nan,nan,1.676067
2024-10-02 19:50,nan,nan,1.676067
2024-10-02 20:50,nan,nan,1.1497473
2024-10-02 20:50,nan,nan,1.1497473
2024-10-03 10:50,nan,nan,nan
2024-10-03 10:50,nan,nan,nan
2024-10-03 11:50,nan,nan,nan
2024-10-03 12:50,nan,nan,nan
2024-10-03 12:50,nan,nan,nan
2024-10-03 13:50,nan,nan,nan
2024-10-03 13:50,nan,nan,nan
2024-10-03 14:50,nan,nan,nan
2024-10-03 14:50,nan,nan,nan
2024-10-03 15:50,nan,nan,nan
2024-10-03 15:50,nan,nan,nan
2024-10-03 16:50,nan,nan,nan
2024-10-03 16:50,nan,nan,nan
2024-10-03 17:50,nan,nan,nan
2024-10-03 17:50,nan,nan,nan
2024-10-03 18:50,nan,nan,nan
2024-10-03 18:50,nan,nan,nan
2024-10-03 19:50,nan,nan,nan
2024-10-03 19:50,nan,nan,nan
2024-10-03 20:50,nan,nan,nan
2024-10-03 20:50,nan,nan,nan
2024-10-04 10:50,nan,nan,4.999973
2024-10-04 10:50,nan,nan,4.999973
2024-10-04 11:50,nan,nan,2.2913911
2024-10-04 12:50,nan,nan,1.916109
2024-10-04 12:50,nan,nan,1.916109
2024-10-04 13:50,nan,0.00016606227,2.294859
2024-10-04 13:50,nan,0.00016606227,2.294859
2024-10-04 14:50,0.15313017,0.03992902,2.6244445
2024-10-04 14:50,0.15313017,0.03992902,2.6244445
2024-10-04 15:50,nan,nan,nan
2024-10-04 15:50,nan,nan,nan
2024-10-04 16:50,0.07345012,nan,2.0149
2024-10-04 16:50,0.07345012,nan,2.0149
2024-10-04 17:50,nan,-0.05,2.105137
2024-10-04 17:50,nan,-0.05,2.105137
2024-10-04 18:50,nan,-0.05,1.701651
2024-10-04 18:50,nan,-0.05,1.701651
2024-10-04 19:50,nan,-0.017403621,2.1986108
2024-10-04 19:50,nan,-0.017403621,2.1986108
2024-10-04 20:50,0.16846511,0.026828822,1.9873123
2024-10-04 20:50,0.16846511,0.026828822,1.9873123
2024-10-05 10:50,nan,nan,nan
2024-10-05 10:50,nan,nan,nan
2024-10-05 11:50,nan,nan,2.399275
2024-10-05 12:50,nan,0.31249022,2.2622623
2024-10-05 12:50,nan,0.31249022,2.2622623
2024-10-05 13:50,nan,0.1518972,1.803139
2024-10-05 13:50,nan,0.1518972,1.803139
2024-10-05 14:50,nan,-0.0453764,2.2801404
2024-10-05 14:50,nan,-0.0453764,2.2801404
2024-10-05 15:50,nan,-0.05,2.1328788
2024-10-05 15:50,nan,-0.05,2.1328788
2024-10-05 16:50,nan,nan,2.4199271
2024-10-05 16:50,nan,nan,2.4199271
2024-10-05 17:50,0.10928303,nan,2.3341594
2024-10-05 17:50,0.10928303,nan,2.3341594
2024-10-05 18:50,nan,-0.0030704588,1.8228663
2024-10-05 18:50,nan,-0.0030704588,1.8228663
2024-10-05 19:50,0.079769045,0.015115704,3.6863313
2024-10-05 19:50,0.079769045,0.015115704,3.6863313
2024-10-05 20:50,0.04586264,0.13347986,2.3962698
2024-10-05 20:50,0.04586264,0.13347986,2.3962698
2024-10-06 10:50,nan,nan,4.999973
2024-10-06 10:50,nan,nan,4.999973
2024-10-06 11:50,nan,0.23281021,4.5953307
2024-10-06 12:50,nan,0.13679345,4.261507
2024-10-06 12:50,nan,0.13679345,4.261507
2024-10-06 13:50,nan,0.0009366609,3.296716
2024-10-06 13:50,nan,0.0009366609,3.296716
2024-10-06 14:50,nan,-0.05,1.9183437
2024-10-06 14:50,nan,-0.05,1.9183437
2024-10-06 15:50,nan,-0.05,1.7455752
2024-10-06 15:50,nan,-0.05,1.7455752
2024-10-06 16:50,nan,nan,1.7950476
2024-10-06 16:50,nan,nan,1.7950476
2024-10-06 17:50,nan,nan,1.5787402
2024-10-06 17:50,nan,nan,1.5787402
2024-10-06 18:50,nan,nan,2.2798321
2024-10-06 18:50,nan,nan,2.2798321
2024-10-06 19:50,nan,0.04162434,2.219494
2024-10-06 19:50,nan,0.04162434,2.219494
2024-10-06 20:50,nan,0.10928303,1.596464
2024-10-06 20:50,nan,0.10928303,1.596464
2024-10-07 10:50,nan,nan,4.837068
2024-10-07 10:50,nan,nan,4.837068
2024-10-07 11:50,nan,nan,2.9944096
2024-10-07 12:50,nan,nan,4.2573457
2024-10-07 12:50,nan,nan,4.2573457
2024-10-07 13:50,nan,0.0775343,nan
2024-10-07 13:50,nan,0.0775343,nan
2024-10-07 14:50,nan,nan,nan
2024-10-07 14:50,nan,nan,nan
2024-10-07 15:50,nan,nan,nan
2024-10-07 15:50,nan,nan,nan
2024-10-07 16:50,nan,nan,nan
2024-10-07 16:50,nan,nan,nan
2024-10-07 17:50,nan,nan,nan
2024-10-07 17:50,nan,nan,nan
2024-10-07 18:50,nan,nan,nan
2024-10-07 18:50,nan,nan,nan
2024-10-07 19:50,nan,nan,nan
2024-10-07 19:50,nan,nan,nan
2024-10-07 20:50,nan,nan,nan
2024-10-07 20:50,nan,nan,nan
2024-10-08 10:50,nan,nan,nan
2024-10-08 10:50,nan,nan,nan
2024-10-08 11:50,nan,nan,nan
2024-10-08 12:50,nan,nan,nan
2024-10-08 12:50,nan,nan,nan
2024-10-08 13:50,nan,nan,3.212104
2024-10-08 13:50,nan,nan,3.212104
2024-10-08 14:50,nan,nan,2.9029393
2024-10-08 14:50,nan,nan,2.9029393
2024-10-08 15:50,nan,nan,nan
2024-10-08 15:50,nan,nan,nan
2024-10-08 16:50,nan,nan,nan
2024-10-08 16:50,nan,nan,nan
2024-10-08 17:50,nan,nan,nan
2024-10-08 17:50,nan,nan,nan
2024-10-08 18:50,nan,nan,nan
2024-10-08 18:50,nan,nan,nan
2024-10-08 19:50,nan,nan,nan
2024-10-08 19:50,nan,nan,nan
2024-10-08 20:50,nan,nan,3.2440069
2024-10-08 20:50,nan,nan,3.2440069
2024-10-09 10:50,nan,nan,nan
2024-10-09 10:50,nan,nan,nan
2024-10-09 11:50,nan,nan,nan
2024-10-09 12:50,nan,0.24829926,nan
2024-10-09 12:50,nan,0.24829926,nan
2024-10-09 13:50,nan,nan,nan
2024-10-09 13:50,nan,nan,nan
2024-10-09 14:50,nan,nan,nan
2024-10-09 14:50,nan,nan,nan
2024-10-09 15:50,nan,nan,nan
2024-10-09 15:50,nan,nan,nan
2024-10-09 16:50,nan,nan,nan
2024-10-09 16:50,nan,nan,nan
2024-10-09 17:50,nan,nan,nan
2024-10-09 17:50,nan,nan,nan
2024-10-09 18:50,nan,nan,nan
2024-10-09 18:50,nan,nan,nan
2024-10-09 19:50,nan,-0.05,nan
2024-10-09 19:50,nan,-0.05,nan
2024-10-09 20:50,0.1794847,0.017273378,nan
2024-10-09 20:50,0.1794847,0.017273378,nan
2024-10-10 10:50,nan,nan,nan
2024-10-10 10:50,nan,nan,nan
2024-10-10 11:50,nan,nan,nan
2024-10-10 12:50,nan,0.0509486,nan
2024-10-10 12:50,nan,0.0509486,nan
2024-10-10 13:50,nan,-0.05,nan
2024-10-10 13:50,nan,-0.05,nan
2024-10-10 14:50,nan,nan,nan
2024-10-10 14:50,nan,nan,nan
2024-10-10 15:50,nan,nan,nan
2024-10-10 15:50,nan,nan,nan
2024-10-10 16:50,nan,nan,nan
2024-10-10 16:50,nan,nan,nan
2024-10-10 17:50,nan,-0.05,nan
2024-10-10 17:50,nan,-0.05,nan
2024-10-10 18:50,0.012495659,nan,nan
2024-10-10 18:50,0.012495659,nan,nan
2024-10-10 19:50,nan,-0.05,nan
2024-10-10 19:50,nan,-0.05,nan
2024-10-10 20:50,nan,-0.05,0.7805527
2024-10-10 20:50,nan,-0.05,0.7805527
2024-10-11 10:50,nan,nan,nan
2024-10-11 10:50,nan,nan,nan
2024-10-11 11:50,nan,0.059656385,nan
2024-10-11 12:50,nan,-0.05,nan
2024-10-11 12:50,nan,-0.05,nan
2024-10-11 13:50,nan,-0.05,nan
2024-10-11 13:50,nan,-0.05,nan
2024-10-11 14:50,nan,-0.05,nan
2024-10-11 14:50,nan,-0.05,nan
2024-10-11 15:50,nan,-0.05,nan
2024-10-11 15:50,nan,-0.05,nan
2024-10-11 16:50,nan,nan,nan
2024-10-11 16:50,nan,nan,nan
2024-10-11 17:50,nan,-0.05,nan
2024-10-11 17:50,nan,-0.05,nan
2024-10-11 18:50,nan,-0.05,nan
2024-10-11 18:50,nan,-0.05,nan
2024-10-11 19:50,nan,nan,0.6765987
2024-10-11 19:50,nan,nan,0.6765987
2024-10-11 20:50,nan,nan,0.6604932
2024-10-11 20:50,nan,nan,0.6604932
2024-10-12 10:50,nan,nan,nan
2024-10-12 10:50,nan,nan,nan
2024-10-12 11:50,nan,nan,nan
2024-10-12 12:50,nan,nan,1.8298017
2024-10-12 12:50,nan,nan,1.8298017
2024-10-12 13:50,nan,nan,0.9755145
2024-10-12 13:50,nan,nan,0.9755145
2024-10-12 14:50,nan,nan,0.6622656
2024-10-12 14:50,nan,nan,0.6622656
2024-10-12 15:50,nan,nan,nan
2024-10-12 15:50,nan,nan,nan
2024-10-12 16:50,nan,nan,nan
2024-10-12 16:50,nan,nan,nan
2024-10-12 17:50,nan,nan,nan
2024-10-12 17:50,nan,nan,nan
2024-10-12 18:50,nan,nan,0.6417676
2024-10-12 18:50,nan,nan,0.6417676
2024-10-12 19:50,nan,nan,0.6052412
2024-10-12 19:50,nan,nan,0.6052412
2024-10-12 20:50,nan,nan,0.8987627
2024-10-12 20:50,nan,nan,0.8987627
2024-10-13 10:50,nan,nan,nan
2024-10-13 10:50,nan,nan,nan
2024-10-13 11:50,nan,0.18387711,nan
2024-10-13 12:50,nan,nan,0.92604196
2024-10-13 12:50,nan,nan,0.92604196
2024-10-13 13:50,nan,nan,1.0614364
2024-10-13 13:50,nan,nan,1.0614364
2024-10-13 14:50,nan,nan,1.4321722
2024-10-13 14:50,nan,nan,1.4321722
2024-10-13 15:50,nan,nan,0.9354433
2024-10-13 15:50,nan,nan,0.9354433
2024-10-13 16:50,nan,nan,0.70880985
2024-10-13 16:50,nan,nan,0.70880985
2024-10-13 17:50,nan,nan,nan
2024-10-13 17:50,nan,nan,nan
2024-10-13 18:50,nan,nan,0.7111987
2024-10-13 18:50,nan,nan,0.7111987
2024-10-13 19:50,nan,nan,0.9100135
2024-10-13 19:50,nan,nan,0.9100135
2024-10-13 20:50,nan,0.030373584,0.90377164
2024-10-13 20:50,nan,0.030373584,0.90377164
2024-10-14 10:50,nan,nan,nan
2024-10-14 10:50,nan,nan,nan
2024-10-14 11:50,nan,nan,nan
2024-10-14 12:50,nan,-0.04545346,nan
2024-10-14 12:50,nan,-0.04545346,nan
2024-10-14 13:50,nan,-0.05,nan
2024-10-14 13:50,nan,-0.05,nan
2024-10-14 14:50,nan,-0.05,3.5737467
2024-10-14 14:50,nan,-0.05,3.5737467
2024-10-14 15:50,nan,nan,nan
2024-10-14 15:50,nan,nan,nan
2024-10-14 16:50,nan,nan,nan
2024-10-14 16:50,nan,nan,nan
2024-10-14 17:50,nan,0.2778903,nan
2024-10-14 17:50,nan,0.2778903,nan
2024-10-14 18:50,nan,0.07699488,nan
2024-10-14 18:50,nan,0.07699488,nan
2024-10-14 19:50,nan,nan,nan
2024-10-14 19:50,nan,nan,nan
2024-10-14 20:50,nan,nan,nan
2024-10-14 20:50,nan,nan,nan
2024-10-15 10:50,nan,nan,nan
2024-10-15 10:50,nan,nan,nan
2024-10-15 11:50,nan,nan,4.999973
2024-10-15 12:50,nan,0.063201144,2.6588132
2024-10-15 12:50,nan,0.063201144,2.6588132
2024-10-15 13:50,nan,-0.05,2.8251088
2024-10-15 13:50,nan,-0.05,2.8251088
2024-10-15 14:50,nan,-0.05,2.445511
2024-10-15 14:50,nan,-0.05,2.445511
2024-10-15 15:50,nan,-0.005305201,1.8442119
2024-10-15 15:50,nan,-0.005305201,1.8442119
2024-10-15 16:50,nan,nan,1.7431092
2024-10-15 16:50,nan,nan,1.7431092
2024-10-15 17:50,nan,nan,1.75174
2024-10-15 17:50,nan,nan,1.75174
2024-10-15 18:50,0.026982944,nan,1.4519765
2024-10-15 18:50,0.026982944,nan,1.4519765
2024-10-16 10:50,nan,nan,nan
2024-10-16 10:50,nan,nan,nan
2024-10-16 11:50,nan,nan,nan
2024-10-16 12:50,nan,nan,nan
2024-10-16 13:50,nan,0.13070571,nan
2024-10-16 13:50,nan,0.13070571,nan
2024-10-16 14:40,nan,nan,nan
2024-10-16 14:40,nan,nan,nan
2024-10-16 15:50,nan,nan,nan
2024-10-16 16:50,nan,nan,nan
2024-10-16 16:50,nan,nan,nan
2024-10-16 17:50,nan,nan,nan
2024-10-16 17:50,nan,nan,nan
2024-10-16 18:50,nan,nan,nan
2024-10-16 18:50,nan,nan,nan
2024-10-16 19:50,nan,nan,nan
2024-10-16 19:50,nan,nan,nan
2024-10-16 20:50,nan,nan,0.036769558
2024-10-16 20:50,nan,nan,0.036769558
2024-10-17 10:50,nan,nan,nan
2024-10-17 10:50,nan,nan,nan
2024-10-17 11:50,nan,0.055649262,0.7543523
2024-10-17 12:50,nan,-0.033509158,0.97536033
2024-10-17 12:50,nan,-0.033509158,0.97536033
2024-10-17 13:50,nan,-0.05,0.8720229
2024-10-17 13:50,nan,-0.05,0.8720229
2024-10-17 14:50,nan,nan,nan
2024-10-17 14:50,nan,nan,nan
2024-10-17 15:50,nan,-0.05,1.0439439
2024-10-17 15:50,nan,-0.05,1.0439439
2024-10-17 16:50,nan,-0.05,1.0849397
2024-10-17 16:50,nan,-0.05,1.0849397
2024-10-17 17:50,0.12168969,-0.05,nan
2024-10-17 17:50,0.12168969,-0.05,nan
2024-10-17 18:40,nan,-0.05,nan
2024-10-17 18:40,nan,-0.05,nan
2024-10-17 20:50,0.028909441,-0.05,0.89121085
2024-10-17 20:50,0.028909441,-0.05,0.89121085
2024-10-18 10:50,nan,nan,nan
2024-10-18 10:50,nan,nan,nan
2024-10-18 11:50,nan,nan,nan
2024-10-18 12:50,nan,nan,nan
2024-10-18 12:50,nan,nan,nan
2024-10-18 13:50,nan,-0.05,nan
2024-10-18 13:50,nan,-0.05,nan
2024-10-18 14:50,0.07614723,-0.05,nan
2024-10-18 14:50,0.07614723,-0.05,nan
2024-10-18 15:50,nan,-0.05,nan
2024-10-18 15:50,nan,-0.05,nan
2024-10-18 16:50,nan,-0.05,nan
2024-10-18 16:50,nan,-0.05,nan
2024-10-18 17:50,nan,nan,nan
2024-10-18 17:50,nan,nan,nan
2024-10-18 18:50,nan,nan,nan
2024-10-18 18:50,nan,nan,nan
2024-10-18 19:50,nan,nan,nan
2024-10-18 19:50,nan,nan,nan
2024-10-18 20:50,nan,nan,nan
2024-10-18 20:50,nan,nan,nan
2024-10-19 10:50,nan,nan,nan
2024-10-19 10:50,nan,nan,nan
2024-10-19 11:50,0.041007858,0.01696514,nan
2024-10-19 12:50,0.042626124,-0.01717244,nan
2024-10-19 12:50,0.042626124,-0.01717244,nan
2024-10-19 13:50,nan,-0.05,nan
2024-10-19 13:50,nan,-0.05,nan
2024-10-19 14:50,nan,-0.05,-0.05
2024-10-19 14:50,nan,-0.05,-0.05
2024-10-19 15:50,nan,-0.05,-0.05
2024-10-19 15:50,nan,-0.05,-0.05
2024-10-19 16:50,0.17794348,-0.05,nan
2024-10-19 16:50,0.17794348,-0.05,nan
2024-10-19 17:50,0.045246158,nan,nan
2024-10-19 17:50,0.045246158,nan,nan
2024-10-19 18:50,nan,nan,nan
2024-10-19 18:50,nan,nan,nan
2024-10-19 19:50,0.012572724,nan,0.0013219602
2024-10-19 19:50,0.012572724,nan,0.0013219602
2024-10-19 20:50,nan,-0.05,0.014653344
2024-10-19 20:50,nan,-0.05,0.014653344
2024-10-20 10:50,nan,nan,0.06589824
2024-10-20 10:50,nan,nan,0.06589824
2024-10-20 11:50,0.030912999,nan,0.03230008
2024-10-20 12:50,0.022205222,-0.05,-0.05
2024-10-20 12:50,0.022205222,-0.05,-0.05
2024-10-20 13:50,0.03230008,-0.05,-0.05
2024-10-20 13:50,0.03230008,-0.05,-0.05
2024-10-20 14:50,nan,-0.05,nan
2024-10-20 14:50,nan,-0.05,nan
2024-10-20 15:50,nan,-0.05,nan
2024-10-20 15:50,nan,-0.05,nan
2024-10-20 16:50,nan,-0.05,nan
2024-10-20 16:50,nan,-0.05,nan
2024-10-20 17:50,nan,-0.05,nan
2024-10-20 17:50,nan,-0.05,nan
2024-10-20 18:50,nan,-0.05,nan
2024-10-20 18:50,nan,-0.05,nan
2024-10-20 19:50,nan,nan,0.051410962
2024-10-20 19:50,nan,nan,0.051410962
2024-10-20 20:50,nan,nan,0.10882066
2024-10-20 20:50,nan,nan,0.10882066
2024-10-21 10:50,nan,nan,nan
2024-10-21 10:50,nan,nan,nan
2024-10-21 11:50,0.04200964,nan,nan
2024-10-21 12:50,0.028370019,-0.04722584,0.37097877
2024-10-21 12:50,0.028370019,-0.04722584,0.37097877
2024-10-21 13:50,0.0305277,-0.05,nan
2024-10-21 13:50,0.0305277,-0.05,nan
2024-10-21 14:50,0.0336101,-0.05,nan
2024-10-21 14:50,0.0336101,-0.05,nan
2024-10-21 15:50,nan,-0.05,nan
2024-10-21 15:50,nan,-0.05,nan
2024-10-21 16:50,nan,-0.05,nan
2024-10-21 16:50,nan,-0.05,nan
2024-10-21 17:50,0.06497352,nan,nan
2024-10-21 17:50,0.06497352,nan,nan
2024-10-21 18:50,nan,nan,nan
2024-10-21 18:50,nan,nan,nan
2024-10-21 19:50,nan,-0.05,0.016811024
2024-10-21 19:50,nan,-0.05,0.016811024
2024-10-21 20:50,nan,-0.05,0.12438679
2024-10-21 20:50,nan,-0.05,0.12438679
2024-10-22 10:50,nan,nan,nan
2024-10-22 10:50,nan,nan,nan
2024-10-22 11:50,nan,nan,nan
2024-10-22 12:50,nan,0.054493364,1.0158939
2024-10-22 12:50,nan,0.054493364,1.0158939
2024-10-22 13:50,nan,0.08454676,nan
2024-10-22 13:50,nan,0.08454676,nan
2024-10-22 14:50,nan,nan,nan
2024-10-22 14:50,nan,nan,nan
2024-10-22 15:50,nan,nan,nan
2024-10-22 15:50,nan,nan,nan
2024-10-22 16:50,nan,nan,nan
2024-10-22 16:50,nan,nan,nan
2024-10-22 17:50,nan,nan,nan
2024-10-22 17:50,nan,nan,nan
2024-10-22 18:50,nan,nan,nan
2024-10-22 18:50,nan,nan,nan
2024-10-22 19:50,nan,nan,nan
2024-10-22 19:50,nan,nan,nan
2024-10-22 20:50,nan,nan,0.8327994
2024-10-22 20:50,nan,nan,0.8327994
2024-10-23 10:50,nan,nan,nan
2024-10-23 10:50,nan,nan,nan
2024-10-23 11:50,nan,nan,nan
2024-10-23 12:50,nan,nan,nan
2024-10-23 12:50,nan,nan,nan
2024-10-23 13:50,nan,0.016271602,nan
2024-10-23 13:50,nan,0.016271602,nan
2024-10-23 14:50,nan,0.03353304,nan
2024-10-23 14:50,nan,0.03353304,nan
2024-10-23 15:50,nan,0.17994705,nan
2024-10-23 15:50,nan,0.17994705,nan
2024-10-23 16:50,nan,nan,nan
2024-10-23 16:50,nan,nan,nan
2024-10-23 17:50,nan,nan,nan
2024-10-23 17:50,nan,nan,nan
2024-10-23 18:50,nan,0.11984025,nan
2024-10-23 18:50,nan,0.11984025,nan
2024-10-23 19:50,nan,nan,nan
2024-10-23 19:50,nan,nan,nan
2024-10-23 20:50,nan,nan,0.27604085
2024-10-23 20:50,nan,nan,0.27604085
2024-10-24 10:50,nan,nan,nan
2024-10-24 10:50,nan,nan,nan
2024-10-24 11:50,nan,nan,nan
2024-10-24 12:50,nan,nan,nan
2024-10-24 12:50,nan,nan,nan
2024-10-24 13:50,nan,-0.05,nan
2024-10-24 13:50,nan,-0.05,nan
2024-10-24 14:50,nan,-0.05,nan
2024-10-24 14:50,nan,-0.05,nan
2024-10-24 15:50,nan,-0.05,nan
2024-10-24 15:50,nan,-0.05,nan
2024-10-24 16:50,nan,-0.05,nan
2024-10-24 16:50,nan,-0.05,nan
2024-10-24 17:50,nan,-0.05,nan
2024-10-24 17:50,nan,-0.05,nan
2024-10-24 18:50,nan,nan,nan
2024-10-24 18:50,nan,nan,nan
2024-10-24 19:50,nan,nan,0.59252626
2024-10-24 19:50,nan,nan,0.59252626
2024-10-24 20:50,nan,nan,0.5398172
2024-10-24 20:50,nan,nan,0.5398172
2024-10-25 12:50,nan,0.1780976,nan
2024-10-25 12:50,nan,0.1780976,nan
2024-10-25 13:50,0.20776571,nan,nan
2024-10-25 13:50,0.20776571,nan,nan
2024-10-25 14:50,0.12577386,0.012649778,nan
2024-10-25 14:50,0.12577386,0.012649778,nan
2024-10-25 15:50,nan,0.15528785,nan
2024-10-25 15:50,nan,0.15528785,nan
2024-10-25 16:50,nan,nan,nan
2024-10-25 16:50,nan,nan,nan
2024-10-25 17:50,nan,nan,nan
2024-10-25 17:50,nan,nan,nan
2024-10-25 18:50,nan,nan,nan
2024-10-25 18:50,nan,nan,nan
2024-10-25 19:50,nan,nan,nan
2024-10-25 19:50,nan,nan,nan
2024-10-25 20:50,nan,nan,0.3668946
2024-10-25 20:50,nan,nan,0.3668946
2024-10-26 10:50,nan,nan,nan
2024-10-26 10:50,nan,nan,nan
2024-10-26 11:50,nan,nan,nan
2024-10-26 12:50,nan,nan,nan
2024-10-26 12:50,nan,nan,nan
2024-10-26 13:50,nan,nan,nan
2024-10-26 13:50,nan,nan,nan
2024-10-26 14:50,nan,nan,nan
2024-10-26 14:50,nan,nan,nan
2024-10-26 15:50,nan,nan,nan
2024-10-26 15:50,nan,nan,nan
2024-10-26 16:50,nan,nan,nan
2024-10-26 16:50,nan,nan,nan
2024-10-26 17:50,nan,nan,nan
2024-10-26 17:50,nan,nan,nan
2024-10-26 18:50,nan,nan,nan
2024-10-26 18:50,nan,nan,nan
2024-10-26 19:50,nan,nan,nan
2024-10-26 19:50,nan,nan,nan
2024-10-26 20:50,nan,nan,nan
2024-10-26 20:50,nan,nan,nan
2024-10-27 10:50,nan,nan,nan
2024-10-27 10:50,nan,nan,nan
2024-10-27 11:50,nan,nan,nan
2024-10-27 12:50,nan,nan,nan
2024-10-27 12:50,nan,nan,nan
2024-10-27 13:50,nan,nan,0.23450552
2024-10-27 13:50,nan,nan,0.23450552
2024-10-27 14:50,nan,nan,nan
2024-10-27 14:50,nan,nan,nan
2024-10-27 15:50,nan,nan,nan
2024-10-27 15:50,nan,nan,nan
2024-10-27 16:50,nan,nan,nan
2024-10-27 16:50,nan,nan,nan
2024-10-27 17:50,nan,nan,nan
2024-10-27 17:50,nan,nan,nan
2024-10-27 18:50,nan,nan,nan
2024-10-27 18:50,nan,nan,nan
2024-10-27 19:50,nan,0.0794608,nan
2024-10-27 19:50,nan,0.0794608,nan
2024-10-27 20:50,0.087320924,nan,nan
2024-10-27 20:50,0.087320924,nan,nan
2024-10-28 10:50,nan,nan,nan
2024-10-28 10:50,nan,nan,nan
2024-10-28 11:50,nan,nan,nan
2024-10-28 12:50,nan,nan,nan
2024-10-28 12:50,nan,nan,nan
2024-10-28 13:50,0.16707803,0.14080057,nan
2024-10-28 13:50,0.16707803,0.14080057,nan
2024-10-28 14:50,0.22456478,-0.05,nan
2024-10-28 14:50,0.22456478,-0.05,nan
2024-10-28 15:50,nan,nan,nan
2024-10-28 15:50,nan,nan,nan
2024-10-28 16:50,nan,nan,nan
2024-10-28 16:50,nan,nan,nan
2024-10-28 17:50,nan,nan,nan
2024-10-28 17:50,nan,nan,nan
2024-10-28 18:50,nan,nan,0.23281021
2024-10-28 18:50,nan,nan,0.23281021
2024-10-28 19:50,nan,nan,0.22579776
2024-10-28 19:50,nan,nan,0.22579776
2024-10-28 20:50,nan,nan,nan
2024-10-28 20:50,nan,nan,nan
2024-10-29 10:50,nan,nan,0.17717288
2024-10-29 10:50,nan,nan,0.17717288
2024-10-29 11:50,nan,nan,nan
2024-10-29 12:50,nan,nan,0.14858362
2024-10-29 12:50,nan,nan,0.14858362
2024-10-29 13:50,nan,nan,0.019739304
2024-10-29 13:50,nan,nan,0.019739304
2024-10-29 14:50,nan,nan,nan
2024-10-29 14:50,nan,nan,nan
2024-10-29 15:50,nan,nan,nan
2024-10-29 15:50,nan,nan,nan
2024-10-29 16:50,nan,nan,nan
2024-10-29 16:50,nan,nan,nan
2024-10-29 17:50,nan,nan,nan
2024-10-29 17:50,nan,nan,nan
2024-10-29 18:50,nan,nan,0.0786902
2024-10-29 18:50,nan,nan,0.0786902
2024-10-29 19:50,nan,nan,0.114985466
2024-10-29 19:50,nan,nan,0.114985466
2024-10-29 20:50,nan,nan,0.12284559
2024-10-29 20:50,nan,nan,0.12284559
2024-10-30 10:50,nan,nan,0.3329882
2024-10-30 10:50,nan,nan,0.3329882
2024-10-30 11:50,nan,nan,0.16276267
2024-10-30 12:50,nan,nan,nan
2024-10-30 12:50,nan,nan,nan
2024-10-30 13:50,nan,nan,nan
2024-10-30 13:50,nan,nan,nan
2024-10-30 14:50,nan,nan,nan
2024-10-30 14:50,nan,nan,nan
2024-10-30 15:50,nan,nan,nan
2024-10-30 15:50,nan,nan,nan
2024-10-30 16:50,nan,nan,nan
2024-10-30 16:50,nan,nan,nan
2024-10-30 17:50,nan,nan,nan
2024-10-30 17:50,nan,nan,nan
2024-10-30 18:50,nan,nan,nan
2024-10-30 18:50,nan,nan,nan
2024-10-30 19:50,nan,nan,nan
2024-10-30 19:50,nan,nan,nan
2024-10-30 20:50,nan,nan,nan
2024-10-30 20:50,nan,nan,nan
2024-10-31 10:50,nan,0.14056939,nan
2024-10-31 10:50,nan,0.14056939,nan
2024-10-31 11:50,nan,0.13109101,0.48795587
2024-10-31 12:50,nan,0.036769558,0.43663388
2024-10-31 12:50,nan,0.036769558,0.43663388
2024-10-31 13:50,nan,0.028601203,0.39378855
2024-10-31 13:50,nan,0.028601203,0.39378855
2024-10-31 14:50,nan,0.01573218,0.38978142
2024-10-31 14:50,nan,0.01573218,0.38978142
2024-10-31 15:50,nan,0.1636874,nan
2024-10-31 15:50,nan,0.1636874,nan
2024-10-31 16:50,nan,nan,0.79195756
2024-10-31 16:50,nan,nan,0.79195756
2024-10-31 17:50,nan,0.20383565,nan
2024-10-31 17:50,nan,0.20383565,nan
2024-10-31 18:50,nan,nan,nan
2024-10-31 18:50,nan,nan,nan
2024-10-31 19:50,nan,nan,0.5154663
2024-10-31 19:50,nan,nan,0.5154663
2024-10-31 20:50,nan,nan,nan
2024-10-31 20:50,nan,nan,nan
2024-11-01 10:50,nan,0.27318963,nan
2024-11-01 10:50,nan,0.27318963,nan
2024-11-01 11:50,nan,0.07422072,nan
2024-11-01 12:50,nan,-0.05,nan
2024-11-01 12:50,nan,-0.05,nan
2024-11-01 13:50,nan,-0.05,nan
2024-11-01 13:50,nan,-0.05,nan
2024-11-01 14:50,nan,-0.05,nan
2024-11-01 14:50,nan,-0.05,nan
2024-11-01 15:50,nan,-0.05,nan
2024-11-01 15:50,nan,-0.05,nan
2024-11-01 16:50,nan,-0.05,nan
2024-11-01 16:50,nan,-0.05,nan
2024-11-01 17:50,nan,-0.05,nan
2024-11-01 17:50,nan,-0.05,nan
2024-11-01 18:50,0.3104096,-0.05,nan
2024-11-01 18:50,0.3104096,-0.05,nan
2024-11-01 19:50,0.20938398,-0.05,nan
2024-11-01 19:50,0.20938398,-0.05,nan
2024-11-01 20:50,0.16754039,-0.0392116,nan
2024-11-01 20:50,0.16754039,-0.0392116,nan
2024-11-02 10:50,nan,nan,nan
2024-11-02 10:50,nan,nan,nan
2024-11-02 11:50,nan,nan,nan
2024-11-02 12:50,nan,nan,nan
2024-11-02 12:50,nan,nan,nan
2024-11-02 13:50,nan,-0.05,nan
2024-11-02 13:50,nan,-0.05,nan
2024-11-02 14:50,0.3002377,-0.05,nan
2024-11-02 14:50,0.3002377,-0.05,nan
2024-11-02 15:50,0.36396632,-0.05,nan
2024-11-02 15:50,0.36396632,-0.05,nan
2024-11-02 16:50,nan,-0.05,nan
2024-11-02 16:50,nan,-0.05,nan
2024-11-02 17:50,nan,-0.05,nan
2024-11-02 17:50,nan,-0.05,nan
2024-11-02 18:50,nan,nan,nan
2024-11-02 18:50,nan,nan,nan
2024-11-02 19:50,nan,0.010800339,nan
2024-11-02 19:50,nan,0.010800339,nan
2024-11-02 20:50,nan,nan,nan
2024-11-02 20:50,nan,nan,nan
2024-11-07 16:50,nan,-0.0029934011,nan
2024-11-07 17:50,nan,-0.04899822,nan
2024-11-07 17:50,nan,-0.04899822,nan
2024-11-07 18:50,nan,nan,nan
2024-11-07 18:50,nan,nan,nan
2024-11-07 19:50,nan,nan,nan
2024-11-07 19:50,nan,nan,nan
2024-11-07 20:50,nan,nan,nan
2024-11-07 20:50,nan,nan,nan
2024-11-08 10:50,nan,nan,nan
2024-11-08 10:50,nan,nan,nan
2024-11-08 11:50,nan,nan,0.17493814
2024-11-08 12:50,nan,nan,0.16237737
2024-11-08 12:50,nan,nan,0.16237737
2024-11-08 13:50,nan,nan,nan
2024-11-08 13:50,nan,nan,nan
2024-11-08 14:50,nan,nan,nan
2024-11-08 14:50,nan,nan,nan
2024-11-08 15:50,nan,-0.05,nan
2024-11-08 15:50,nan,-0.05,nan
2024-11-08 16:50,nan,-0.05,nan
2024-11-08 16:50,nan,-0.05,nan
2024-11-08 17:50,nan,nan,nan
2024-11-08 17:50,nan,nan,nan
2024-11-08 18:50,nan,nan,nan
2024-11-08 18:50,nan,nan,nan
2024-11-08 19:50,nan,nan,0.08624208
2024-11-08 19:50,nan,nan,0.08624208
2024-11-08 20:50,nan,nan,0.07306482
2024-11-08 20:50,nan,nan,0.07306482
2024-11-09 10:50,nan,nan,nan
2024-11-09 10:50,nan,nan,nan
2024-11-09 11:50,nan,nan,0.1368705
2024-11-09 12:50,nan,nan,0.09772402
2024-11-09 12:50,nan,nan,0.09772402
2024-11-09 13:50,nan,nan,nan
2024-11-09 13:50,nan,nan,nan
2024-11-09 14:50,nan,0.030758884,nan
2024-11-09 14:50,nan,0.030758884,nan
2024-11-09 15:50,nan,nan,nan
2024-11-09 15:50,nan,nan,nan
2024-11-09 16:50,nan,nan,nan
2024-11-09 16:50,nan,nan,nan
2024-11-09 17:50,nan,nan,nan
2024-11-09 17:50,nan,nan,nan
2024-11-09 18:50,nan,nan,nan
2024-11-12 11:50,nan,nan,nan
2024-11-12 12:50,nan,nan,nan
2024-11-12 12:50,nan,nan,nan
2024-11-12 13:50,nan,nan,nan
2024-11-12 13:50,nan,nan,nan
2024-11-12 14:50,nan,nan,nan
2024-11-12 14:50,nan,nan,nan
2024-11-12 15:40,nan,nan,nan
2024-11-12 15:40,nan,nan,nan
2024-11-12 16:50,nan,nan,nan
2024-11-12 16:50,nan,nan,nan
2024-11-12 17:50,nan,nan,nan
2024-11-12 17:50,nan,nan,nan
2024-11-12 18:50,nan,nan,nan
2024-11-12 18:50,nan,nan,nan
2024-11-12 19:50,nan,nan,nan
2024-11-12 19:50,nan,nan,nan
2024-11-12 20:50,nan,nan,nan
2024-11-12 20:50,nan,nan,nan
2024-11-13 10:50,nan,nan,nan
2024-11-13 10:50,nan,nan,nan
2024-11-13 11:50,nan,nan,0.15575022
2024-11-13 12:50,nan,nan,0.07699488
2024-11-13 12:50,nan,nan,0.07699488
2024-11-13 13:50,nan,nan,nan
2024-11-13 13:50,nan,nan,nan
2024-11-13 14:50,nan,nan,nan
2024-11-13 14:50,nan,nan,nan
2024-11-13 15:50,nan,nan,nan
2024-11-13 15:50,nan,nan,nan
2024-11-13 16:50,nan,nan,nan
2024-11-13 16:50,nan,nan,nan
2024-11-13 17:50,nan,nan,nan
2024-11-13 17:50,nan,nan,nan
2024-11-13 18:50,nan,nan,0.026520584
2024-11-13 18:50,nan,nan,0.026520584
2024-11-13 19:50,nan,nan,0.03807958
2024-11-13 19:50,nan,nan,0.03807958
2024-11-13 20:50,nan,nan,0.06844123
2024-11-13 20:50,nan,nan,0.06844123
2024-11-14 10:50,nan,nan,0.14711949
2024-11-14 10:50,nan,nan,0.14711949
2024-11-14 11:50,nan,nan,0.10643181
2024-11-14 12:50,nan,0.030065339,0.068287104
2024-11-14 12:50,nan,0.030065339,0.068287104
2024-11-14 13:50,nan,-0.05,nan
2024-11-14 13:50,nan,-0.05,nan
2024-11-14 14:50,nan,nan,nan
2024-11-14 14:50,nan,nan,nan
2024-11-14 15:50,0.25978118,nan,nan
2024-11-14 15:50,0.25978118,nan,nan
2024-11-14 16:50,0.22988193,nan,nan
2024-11-14 16:50,0.22988193,nan,nan
2024-11-14 17:50,nan,nan,nan
2024-11-14 17:50,nan,nan,nan
2024-11-14 18:50,nan,nan,0.06936595
2024-11-14 18:50,nan,nan,0.06936595
2024-11-14 19:50,nan,nan,0.08500913
2024-11-14 19:50,nan,nan,0.08500913
2024-11-14 20:50,nan,nan,0.10003583
2024-11-14 20:50,nan,nan,0.10003583
2024-11-15 10:50,nan,nan,nan
2024-11-15 10:50,nan,nan,nan
2024-11-15 11:50,nan,nan,nan
2024-11-15 12:50,nan,nan,nan
2024-11-15 12:50,nan,nan,nan
2024-11-15 13:50,nan,nan,nan
2024-11-15 13:50,nan,nan,nan
2024-11-15 14:50,nan,nan,nan
2024-11-15 14:50,nan,nan,nan
2024-11-15 15:50,nan,nan,nan
2024-11-15 15:50,nan,nan,nan
2024-11-15 16:50,nan,nan,nan
2024-11-15 16:50,nan,nan,nan
2024-11-15 17:10,nan,nan,nan
2024-11-15 17:10,nan,nan,nan
2024-11-15 20:50,nan,nan,0.1549796
2024-11-15 20:50,nan,nan,0.1549796
2024-11-16 10:50,nan,nan,nan
2024-11-16 10:50,nan,nan,nan
2024-11-16 11:50,nan,nan,nan
2024-11-16 12:50,nan,0.10774183,0.4096629
2024-11-16 12:50,nan,0.10774183,0.4096629
2024-11-16 13:50,nan,0.0060996823,0.18765305
2024-11-16 13:50,nan,0.0060996823,0.18765305
2024-11-16 14:50,nan,nan,nan
2024-11-16 14:50,nan,nan,nan
2024-11-16 15:50,nan,nan,nan
2024-11-16 15:50,nan,nan,nan
2024-11-16 16:50,nan,nan,nan
2024-11-16 16:50,nan,nan,nan
2024-11-16 17:50,nan,nan,nan
2024-11-16 17:50,nan,nan,nan
2024-11-16 18:50,nan,nan,nan
2024-11-16 18:50,nan,nan,nan
2024-11-16 19:50,nan,nan,nan
2024-11-16 19:50,nan,nan,nan
2024-11-16 20:50,nan,nan,nan
2024-11-16 20:50,nan,nan,nan
2024-11-17 10:50,nan,nan,nan
2024-11-17 10:50,nan,nan,nan
2024-11-17 11:00,nan,nan,0.3485543
2024-11-17 15:50,nan,nan,nan
2024-11-17 15:50,nan,nan,nan
2024-11-17 16:50,nan,nan,nan
2024-11-17 16:50,nan,nan,nan
2024-11-17 17:50,nan,nan,nan
2024-11-17 17:50,nan,nan,nan
2024-11-17 18:50,nan,nan,nan
2024-11-17 18:50,nan,nan,nan
2024-11-17 19:50,nan,nan,nan
2024-11-17 19:50,nan,nan,nan
2024-11-17 20:50,nan,nan,0.32636103
2024-11-17 20:50,nan,nan,0.32636103
2024-11-18 10:50,nan,nan,nan
2024-11-18 10:50,nan,nan,nan
2024-11-18 11:50,nan,0.18287534,nan
2024-11-18 12:50,nan,nan,nan
2024-11-18 12:50,nan,nan,nan
2024-11-18 13:50,nan,nan,nan
2024-11-18 13:50,nan,nan,nan
2024-11-18 14:50,nan,nan,nan
2024-11-18 14:50,nan,nan,nan
2024-11-18 15:50,nan,nan,nan
2024-11-18 15:50,nan,nan,nan
2024-11-18 16:50,nan,nan,nan
2024-11-18 16:50,nan,nan,nan
2024-11-18 17:50,nan,nan,nan
2024-11-18 18:50,nan,nan,nan
2024-11-18 18:50,nan,nan,nan
2024-11-18 19:50,nan,nan,nan
2024-11-18 19:50,nan,nan,nan
2024-11-18 20:50,nan,nan,nan
2024-11-18 20:50,nan,nan,nan
2024-11-19 10:50,nan,nan,nan
2024-11-19 10:50,nan,nan,nan
2024-11-19 11:50,nan,nan,nan
2024-11-19 12:50,nan,0.20861338,nan
2024-11-19 12:50,nan,0.20861338,nan
2024-11-19 13:50,nan,nan,nan
2024-11-19 13:50,nan,nan,nan
2024-11-19 14:50,nan,nan,nan
2024-11-19 14:50,nan,nan,nan
2024-11-19 15:50,nan,nan,nan
2024-11-19 15:50,nan,nan,nan
2024-11-19 16:50,nan,nan,nan
2024-11-19 16:50,nan,nan,nan
2024-11-19 17:50,nan,nan,nan
2024-11-19 17:50,nan,nan,nan
2024-11-19 18:50,nan,nan,nan
2024-11-19 18:50,nan,nan,nan
2024-11-19 19:50,nan,nan,nan
2024-11-19 19:50,nan,nan,nan
2024-11-19 20:50,nan,nan,nan
2024-11-19 20:50,nan,nan,nan
2024-11-20 10:50,nan,nan,nan
2024-11-20 10:50,nan,nan,nan
2024-11-20 11:50,nan,nan,nan
2024-11-20 12:50,nan,nan,nan
2024-11-20 12:50,nan,nan,nan
2024-11-20 13:50,nan,nan,nan
2024-11-20 13:50,nan,nan,nan
2024-11-20 14:50,nan,nan,nan
2024-11-20 14:50,nan,nan,nan
2024-11-20 15:50,nan,nan,nan
2024-11-20 15:50,nan,nan,nan
2024-11-20 16:50,nan,nan,nan
2024-11-20 16:50,nan,nan,nan
2024-11-20 17:50,nan,nan,nan
2024-11-20 17:50,nan,nan,nan
2024-11-20 18:50,nan,nan,nan
2024-11-20 18:50,nan,nan,nan
2024-11-20 19:50,nan,nan,nan
2024-11-20 19:50,nan,nan,nan
2024-11-20 20:50,nan,nan,nan
2024-11-20 20:50,nan,nan,nan
2024-11-21 10:50,nan,nan,nan
2024-11-21 10:50,nan,nan,nan
2024-11-21 11:50,nan,nan,nan
2024-11-21 12:50,nan,nan,nan
2024-11-21 12:50,nan,nan,nan
2024-11-21 13:50,nan,nan,nan
2024-11-21 13:50,nan,nan,nan
2024-11-21 14:50,nan,nan,nan
2024-11-21 14:50,nan,nan,nan
2024-11-21 15:50,nan,nan,nan
2024-11-21 15:50,nan,nan,nan
2024-11-21 16:50,nan,nan,nan
2024-11-21 16:50,nan,nan,nan
2024-11-21 17:50,nan,nan,nan
2024-11-21 17:50,nan,nan,nan
2024-11-21 18:50,nan,nan,nan
2024-11-21 18:50,nan,nan,nan
2024-11-21 19:50,nan,nan,nan
2024-11-21 19:50,nan,nan,nan
2024-11-21 20:50,nan,nan,nan
2024-11-21 20:50,nan,nan,nan
2024-11-22 10:50,nan,nan,nan
2024-11-22 10:50,nan,nan,nan
2024-11-22 11:50,nan,nan,nan
2024-11-22 12:50,nan,nan,nan
2024-11-22 12:50,nan,nan,nan
2024-11-22 13:50,nan,nan,nan
2024-11-22 13:50,nan,nan,nan
2024-11-22 14:50,nan,nan,nan
2024-11-22 14:50,nan,nan,nan
2024-11-22 15:50,nan,nan,nan
2024-11-22 15:50,nan,nan,nan
2024-11-22 16:50,nan,nan,nan
2024-11-22 16:50,nan,nan,nan
2024-11-22 17:50,nan,nan,nan
2024-11-22 17:50,nan,nan,nan
2024-11-22 18:50,nan,nan,nan
2024-11-22 18:50,nan,nan,nan
2024-11-22 19:50,nan,nan,nan
2024-11-22 19:50,nan,nan,nan
2024-11-22 20:50,nan,nan,nan
2024-11-22 20:50,nan,nan,nan
2024-11-23 10:50,nan,nan,nan
2024-11-23 10:50,nan,nan,nan
2024-11-23 11:50,nan,nan,0.1630709
2024-11-23 12:50,nan,nan,nan
2024-11-23 12:50,nan,nan,nan
2024-11-23 13:50,nan,nan,nan
2024-11-23 13:50,nan,nan,nan
2024-11-23 14:50,nan,nan,nan
2024-11-23 14:50,nan,nan,nan
2024-11-23 15:50,nan,nan,nan
2024-11-23 15:50,nan,nan,nan
2024-11-23 16:50,nan,nan,nan
2024-11-23 16:50,nan,nan,nan
2024-11-23 17:50,nan,nan,nan
2024-11-23 17:50,nan,nan,nan
2024-11-23 18:50,nan,nan,nan
2024-11-23 18:50,nan,nan,nan
2024-11-23 19:50,nan,nan,nan
2024-11-23 19:50,nan,nan,nan
2024-11-23 20:50,nan,nan,nan
2024-11-23 20:50,nan,nan,nan
2024-11-24 10:50,nan,nan,nan
2024-11-24 10:50,nan,nan,nan
2024-11-24 11:50,nan,nan,0.11460017
2024-11-24 12:50,nan,nan,0.041701403
2024-11-24 12:50,nan,nan,0.041701403
2024-11-24 13:50,nan,nan,0.058731664
2024-11-24 13:50,nan,nan,0.058731664
2024-11-24 14:50,nan,nan,nan
2024-11-24 14:50,nan,nan,nan
2024-11-24 15:50,nan,nan,nan
2024-11-24 15:50,nan,nan,nan
2024-11-24 16:50,nan,nan,nan
2024-11-24 16:50,nan,nan,nan
2024-11-24 17:50,nan,nan,nan
2024-11-24 17:50,nan,nan,nan
2024-11-24 18:50,nan,nan,nan
2024-11-24 18:50,nan,nan,nan
2024-11-24 19:50,nan,nan,nan
2024-11-24 19:50,nan,nan,nan
2024-11-24 20:50,nan,nan,nan
2024-11-24 20:50,nan,nan,nan
2024-11-25 16:50,nan,nan,nan
2024-11-25 17:50,nan,nan,nan
2024-11-25 17:50,nan,nan,nan
2024-11-25 18:50,nan,nan,nan
2024-11-25 18:50,nan,nan,nan
2024-11-25 19:50,nan,nan,nan
2024-11-25 19:50,nan,nan,nan
2024-11-25 20:50,nan,nan,nan
2024-11-25 20:50,nan,nan,nan
2024-11-26 10:50,nan,nan,nan
2024-11-26 10:50,nan,nan,nan
2024-11-26 11:50,nan,nan,nan
2024-11-26 12:50,nan,nan,nan
2024-11-26 12:50,nan,nan,nan
2024-11-26 13:50,nan,nan,nan
2024-11-26 13:50,nan,nan,nan
2024-11-26 14:50,nan,nan,nan
2024-11-26 14:50,nan,nan,nan
2024-11-26 15:50,nan,nan,nan
2024-11-26 15:50,nan,nan,nan
2024-11-26 16:50,nan,nan,nan
2024-11-26 16:50,nan,nan,nan
2024-11-26 17:50,nan,nan,nan
2024-11-26 17:50,nan,nan,nan
2024-11-26 18:50,nan,nan,nan
2024-11-26 18:50,nan,nan,nan
2024-11-26 19:50,nan,nan,nan
2024-11-26 19:50,nan,nan,nan
2024-11-26 20:50,nan,nan,nan
2024-11-26 20:50,nan,nan,nan
2024-11-27 10:50,nan,nan,nan
2024-11-27 10:50,nan,nan,nan
2024-11-27 11:50,nan,nan,nan
2024-11-27 12:50,nan,nan,nan
2024-11-27 12:50,nan,nan,nan
2024-11-27 13:50,nan,nan,nan
2024-11-27 13:50,nan,nan,nan
2024-11-27 14:50,nan,nan,nan
2024-11-27 14:50,nan,nan,nan
2024-11-27 15:50,nan,nan,nan
2024-11-27 15:50,nan,nan,nan
2024-11-27 16:50,nan,nan,nan
2024-11-27 16:50,nan,nan,nan
2024-11-27 17:50,nan,nan,nan
2024-11-27 17:50,nan,nan,nan
2024-11-27 18:50,nan,nan,nan
2024-11-27 18:50,nan,nan,nan
2024-11-27 19:50,nan,nan,nan
2024-11-27 19:50,nan,nan,nan
2024-11-27 20:50,nan,nan,nan
2024-11-27 20:50,nan,nan,nan
2024-11-28 10:50,nan,0.10404295,nan
2024-11-28 10:50,nan,0.10404295,nan
2024-11-28 11:50,nan,0.15020189,nan
2024-11-28 12:50,nan,0.13425046,nan
2024-11-28 12:50,nan,0.13425046,nan
2024-11-28 13:50,nan,nan,nan
2024-11-28 13:50,nan,nan,nan
2024-11-28 14:50,nan,nan,nan
2024-11-28 14:50,nan,nan,nan
2024-11-28 15:50,nan,nan,nan
2024-11-28 15:50,nan,nan,nan
2024-11-28 16:50,nan,nan,nan
2024-11-28 16:50,nan,nan,nan
2024-11-28 17:50,nan,nan,nan
2024-11-28 17:50,nan,nan,nan
2024-11-28 18:50,nan,nan,nan
2024-11-28 18:50,nan,nan,nan
2024-11-28 19:50,nan,nan,nan
2024-11-28 19:50,nan,nan,nan
2024-11-28 20:50,nan,nan,nan
2024-11-28 20:50,nan,nan,nan
2024-11-29 10:50,nan,nan,nan
2024-11-29 10:50,nan,nan,nan
2024-11-29 11:50,nan,nan,nan
2024-11-29 12:50,nan,nan,nan
2024-11-29 12:50,nan,nan,nan
2024-11-29 13:50,nan,nan,nan
2024-11-29 13:50,nan,nan,nan
2024-11-29 14:50,nan,nan,nan
2024-11-29 14:50,nan,nan,nan
2024-11-29 15:50,nan,nan,nan
2024-11-29 15:50,nan,nan,nan
2024-11-29 16:50,nan,nan,nan
2024-11-29 16:50,nan,nan,nan
2024-11-29 17:50,nan,nan,nan
2024-11-29 17:50,nan,nan,nan
2024-11-29 18:50,nan,nan,nan
2024-11-29 18:50,nan,nan,nan
2024-11-29 19:50,0.18842365,-0.05,nan
2024-11-29 19:50,0.18842365,-0.05,nan
2024-11-29 20:50,0.11074717,-0.014475338,nan
2024-11-29 20:50,0.11074717,-0.014475338,nan
2024-11-30 10:50,nan,nan,nan
2024-11-30 10:50,nan,nan,nan
2024-11-30 11:50,nan,nan,nan
2024-11-30 12:50,nan,nan,nan
2024-11-30 12:50,nan,nan,nan
2024-11-30 13:50,nan,0.053645704,nan
2024-11-30 13:50,nan,0.053645704,nan
2024-11-30 14:50,nan,nan,nan
2024-11-30 14:50,nan,nan,nan
2024-11-30 15:50,nan,nan,nan
2024-11-30 15:50,nan,nan,nan
2024-11-30 16:50,nan,nan,nan
2024-11-30 16:50,nan,nan,nan
2024-11-30 17:50,nan,nan,nan
2024-11-30 17:50,nan,nan,nan
2024-11-30 18:50,nan,nan,nan
2024-11-30 18:50,nan,nan,nan
2024-11-30 19:50,nan,nan,nan
2024-11-30 19:50,nan,nan,nan
2024-11-30 20:50,nan,nan,nan
2024-11-30 20:50,nan,nan,nan
2024-12-01 10:50,nan,nan,nan
2024-12-01 10:50,nan,nan,nan
2024-12-01 11:50,nan,nan,nan
2024-12-01 12:50,nan,nan,nan
2024-12-01 12:50,nan,nan,nan
2024-12-01 13:50,nan,nan,nan
2024-12-01 13:50,nan,nan,nan
2024-12-01 14:50,nan,nan,nan
2024-12-01 14:50,nan,nan,nan
2024-12-01 15:50,nan,nan,nan
2024-12-01 15:50,nan,nan,nan
2024-12-01 16:50,nan,nan,nan
2024-12-01 16:50,nan,nan,nan
2024-12-01 17:50,nan,nan,nan
2024-12-01 17:50,nan,nan,nan
2024-12-01 18:50,nan,nan,nan
2024-12-01 18:50,nan,nan,nan
2024-12-01 19:50,nan,nan,nan
2024-12-01 19:50,nan,nan,nan
2024-12-01 20:50,nan,nan,nan
2024-12-01 20:50,nan,nan,nan
2024-12-02 10:50,nan,nan,nan
2024-12-02 10:50,nan,nan,nan
2024-12-02 11:50,nan,nan,nan
2024-12-02 12:50,nan,nan,nan
2024-12-02 12:50,nan,nan,nan
2024-12-02 13:50,nan,0.09718461,nan
2024-12-02 13:50,nan,0.09718461,nan
2024-12-02 14:50,nan,nan,nan
2024-12-02 14:50,nan,nan,nan
2024-12-02 15:50,nan,nan,nan
2024-12-02 15:50,nan,nan,nan
2024-12-02 16:50,nan,nan,nan
2024-12-02 16:50,nan,nan,nan
2024-12-02 17:50,nan,nan,nan
2024-12-02 17:50,nan,nan,nan
2024-12-02 18:50,nan,nan,nan
2024-12-02 18:50,nan,nan,nan
2024-12-02 19:50,nan,nan,nan
2024-12-02 19:50,nan,nan,nan
2024-12-02 20:50,nan,nan,nan
2024-12-02 20:50,nan,nan,nan
2024-12-03 10:50,nan,nan,nan
2024-12-03 10:50,nan,nan,nan
2024-12-03 11:50,nan,nan,nan
2024-12-03 12:50,nan,nan,nan
2024-12-03 12:50,nan,nan,nan
2024-12-03 13:50,nan,nan,nan
2024-12-03 13:50,nan,nan,nan
2024-12-03 14:50,nan,nan,nan
2024-12-03 14:50,nan,nan,nan
2024-12-03 15:50,nan,nan,nan
2024-12-03 15:50,nan,nan,nan
2024-12-03 16:50,nan,nan,nan
2024-12-03 16:50,nan,nan,nan
2024-12-03 17:50,nan,nan,nan
2024-12-03 17:50,nan,nan,nan
2024-12-03 18:50,nan,0.32605278,nan
2024-12-03 18:50,nan,0.32605278,nan
2024-12-03 19:50,nan,nan,nan
2024-12-03 19:50,nan,nan,nan
2024-12-03 20:50,nan,nan,nan
2024-12-03 20:50,nan,nan,nan
2024-12-04 15:50,nan,nan,nan
2024-12-04 16:50,nan,nan,nan
2024-12-04 16:50,nan,nan,nan
2024-12-04 17:50,nan,nan,nan
2024-12-04 17:50,nan,nan,nan
2024-12-04 18:50,nan,nan,nan
2024-12-04 18:50,nan,nan,nan
2024-12-04 19:50,nan,nan,nan
2024-12-04 19:50,nan,nan,nan
2024-12-04 20:50,nan,nan,nan
2024-12-04 20:50,nan,nan,nan
2024-12-05 10:50,nan,nan,nan
2024-12-05 10:50,nan,nan,nan
2024-12-05 11:50,nan,nan,nan
2024-12-05 12:50,nan,nan,nan
2024-12-05 12:50,nan,nan,nan
2024-12-05 13:50,nan,nan,nan
2024-12-05 13:50,nan,nan,nan
2024-12-05 14:50,nan,nan,nan
2024-12-05 14:50,nan,nan,nan
2024-12-05 15:50,nan,nan,nan
2024-12-05 15:50,nan,nan,nan
2024-12-05 16:50,nan,nan,nan
2024-12-05 16:50,nan,nan,nan
2024-12-05 17:50,nan,nan,nan
2024-12-05 17:50,nan,nan,nan
2024-12-05 18:50,nan,nan,nan
2024-12-05 18:50,nan,nan,nan
2024-12-05 19:50,nan,nan,nan
2024-12-05 19:50,nan,nan,nan
2024-12-05 20:50,nan,nan,nan
2024-12-05 20:50,nan,nan,nan
2024-12-06 11:50,nan,0.2010615,nan
2024-12-06 12:50,nan,nan,nan
2024-12-06 12:50,nan,nan,nan
2024-12-06 13:50,nan,0.1526678,nan
2024-12-06 13:50,nan,0.1526678,nan
2024-12-06 14:50,nan,nan,nan
2024-12-06 14:50,nan,nan,nan
2024-12-06 15:50,nan,nan,nan
2024-12-06 15:50,nan,nan,nan
2024-12-06 16:50,nan,nan,nan
2024-12-06 16:50,nan,nan,nan
2024-12-06 17:50,nan,nan,nan
2024-12-06 17:50,nan,nan,nan
2024-12-06 18:50,nan,nan,nan
2024-12-06 18:50,nan,nan,nan
2024-12-06 19:50,nan,nan,nan
2024-12-06 19:50,nan,nan,nan
2024-12-06 20:50,nan,nan,nan
2024-12-06 20:50,nan,nan,nan
2024-12-07 10:50,nan,nan,nan
2024-12-07 10:50,nan,nan,nan
2024-12-07 11:50,nan,nan,nan
2024-12-07 12:50,nan,nan,nan
2024-12-07 12:50,nan,nan,nan
2024-12-07 13:50,nan,nan,nan
2024-12-07 13:50,nan,nan,nan
2024-12-07 14:50,nan,nan,nan
2024-12-07 14:50,nan,nan,nan
2024-12-07 15:50,nan,nan,nan
2024-12-07 15:50,nan,nan,nan
2024-12-07 16:50,nan,nan,nan
2024-12-07 16:50,nan,nan,nan
2024-12-07 17:50,nan,nan,nan
2024-12-07 17:50,nan,nan,nan
2024-12-07 18:50,nan,nan,nan
2024-12-07 18:50,nan,nan,nan
2024-12-07 19:50,nan,nan,nan
2024-12-07 19:50,nan,nan,nan
2024-12-07 20:50,nan,nan,nan
2024-12-07 20:50,nan,nan,nan
2024-12-08 10:50,nan,nan,nan
2024-12-08 10:50,nan,nan,nan
2024-12-08 11:50,nan,nan,nan
2024-12-08 12:50,nan,nan,nan
2024-12-08 12:50,nan,nan,nan
2024-12-08 13:50,nan,nan,nan
2024-12-08 13:50,nan,nan,nan
2024-12-08 14:50,nan,nan,nan
2024-12-08 14:50,nan,nan,nan
2024-12-08 15:50,nan,nan,nan
2024-12-08 15:50,nan,nan,nan
2024-12-08 16:50,nan,nan,nan
2024-12-08 16:50,nan,nan,nan
2024-12-08 17:50,nan,nan,nan
2024-12-08 17:50,nan,nan,nan
2024-12-08 18:50,nan,nan,nan
2024-12-08 18:50,nan,nan,nan
2024-12-08 19:50,nan,nan,nan
2024-12-08 19:50,nan,nan,nan
2024-12-08 20:50,nan,nan,nan
2024-12-08 20:50,nan,nan,nan
2024-12-09 10:40,nan,nan,nan
2024-12-09 10:40,nan,nan,nan
2024-12-09 11:50,nan,nan,nan
2024-12-09 12:50,nan,nan,nan
2024-12-09 12:50,nan,nan,nan
2024-12-09 13:50,nan,nan,nan
2024-12-09 13:50,nan,nan,nan
2024-12-09 14:50,nan,nan,nan
2024-12-09 14:50,nan,nan,nan
2024-12-09 15:50,nan,nan,nan
2024-12-09 15:50,nan,nan,nan
2024-12-09 16:50,nan,nan,nan
2024-12-09 16:50,nan,nan,nan
2024-12-09 17:50,nan,nan,nan
2024-12-09 17:50,nan,nan,nan
2024-12-09 18:50,nan,nan,nan
2024-12-09 18:50,nan,nan,nan
2024-12-09 19:50,nan,nan,nan
2024-12-09 19:50,nan,nan,nan
2024-12-09 20:50,nan,nan,nan
2024-12-09 20:50,nan,nan,nan
2024-12-10 10:50,nan,nan,nan
2024-12-10 10:50,nan,nan,nan
2024-12-10 11:50,nan,nan,nan
2024-12-10 12:50,nan,nan,nan
2024-12-10 12:50,nan,nan,nan
2024-12-10 13:50,nan,nan,nan
2024-12-10 13:50,nan,nan,nan
2024-12-10 14:50,nan,nan,nan
2024-12-10 14:50,nan,nan,nan
2024-12-10 15:50,nan,nan,nan
2024-12-10 15:50,nan,nan,nan
2024-12-10 16:50,0.18680538,nan,nan
2024-12-10 16:50,0.18680538,nan,nan
2024-12-10 17:50,nan,nan,nan
2024-12-10 17:50,nan,nan,nan
2024-12-10 18:50,nan,nan,nan
2024-12-10 18:50,nan,nan,nan
2024-12-10 19:50,0.013112139,nan,nan
2024-12-10 19:50,0.013112139,nan,nan
2024-12-10 20:50,nan,nan,nan
2024-12-10 20:50,nan,nan,nan
2024-12-11 10:50,nan,nan,nan
2024-12-11 10:50,nan,nan,nan
2024-12-11 11:50,nan,nan,nan
2024-12-11 12:50,nan,nan,nan
2024-12-11 12:50,nan,nan,nan
2024-12-11 13:50,nan,nan,nan
2024-12-11 13:50,nan,nan,nan
2024-12-11 14:50,nan,nan,nan
2024-12-11 14:50,nan,nan,nan
2024-12-11 15:50,nan,nan,nan
2024-12-11 15:50,nan,nan,nan
2024-12-11 16:50,nan,0.5080685,nan
2024-12-11 16:50,nan,0.5080685,nan
2024-12-11 17:50,nan,nan,nan
2024-12-11 17:50,nan,nan,nan
2024-12-11 18:50,nan,nan,nan
2024-12-11 18:50,nan,nan,nan
2024-12-11 19:50,nan,nan,nan
2024-12-11 19:50,nan,nan,nan
2024-12-11 20:50,nan,nan,nan
2024-12-11 20:50,nan,nan,nan
2024-12-12 10:50,nan,nan,nan
2024-12-12 10:50,nan,nan,nan
2024-12-12 11:50,nan,nan,nan
2024-12-12 12:50,nan,nan,nan
2024-12-12 12:50,nan,nan,nan
2024-12-12 13:50,nan,nan,nan
2024-12-12 13:50,nan,nan,nan
2024-12-12 14:50,nan,nan,nan
2024-12-12 14:50,nan,nan,nan
2024-12-12 15:50,nan,nan,nan
2024-12-12 15:50,nan,nan,nan
2024-12-12 16:50,nan,nan,nan
2024-12-12 16:50,nan,nan,nan
2024-12-12 17:50,nan,nan,nan
2024-12-12 17:50,nan,nan,nan
2024-12-12 18:50,nan,nan,nan
2024-12-12 18:50,nan,nan,nan
2024-12-12 19:50,nan,nan,nan
2024-12-12 19:50,nan,nan,nan
2024-12-12 20:50,nan,nan,nan
2024-12-12 20:50,nan,nan,nan
2024-12-13 10:50,nan,nan,nan
2024-12-13 10:50,nan,nan,nan
2024-12-13 11:50,nan,nan,nan
2024-12-13 12:50,nan,nan,nan
2024-12-13 12:50,nan,nan,nan
2024-12-13 13:50,nan,nan,nan
2024-12-13 13:50,nan,nan,nan
2024-12-13 14:50,nan,0.2526917,nan
2024-12-13 14:50,nan,0.2526917,nan
2024-12-13 15:50,0.3326029,nan,0.6530954
2024-12-13 15:50,0.3326029,nan,0.6530954
2024-12-13 16:50,nan,nan,nan
2024-12-13 16:50,nan,nan,nan
2024-12-13 17:50,nan,nan,nan
2024-12-13 17:50,nan,nan,nan
2024-12-13 18:50,nan,nan,nan
2024-12-13 18:50,nan,nan,nan
2024-12-13 19:50,nan,nan,nan
2024-12-13 19:50,nan,nan,nan
2024-12-13 20:50,nan,nan,nan
2024-12-13 20:50,nan,nan,nan
2024-12-14 10:50,nan,nan,nan
2024-12-14 10:50,nan,nan,nan
2024-12-14 11:50,nan,nan,nan
2024-12-14 12:50,nan,nan,nan
2024-12-14 12:50,nan,nan,nan
2024-12-14 13:50,nan,nan,nan
2024-12-14 13:50,nan,nan,nan
2024-12-14 14:50,nan,nan,nan
2024-12-14 14:50,nan,nan,nan
2024-12-14 15:50,nan,nan,nan
2024-12-14 15:50,nan,nan,nan
2024-12-14 16:50,nan,nan,nan
2024-12-14 16:50,nan,nan,nan
2024-12-14 17:50,nan,nan,nan
2024-12-14 17:50,nan,nan,nan
2024-12-14 18:50,nan,nan,nan
2024-12-14 18:50,nan,nan,nan
2024-12-14 19:50,nan,nan,nan
2024-12-14 19:50,nan,nan,nan
2024-12-14 20:50,nan,nan,nan
2024-12-14 20:50,nan,nan,nan
2024-12-15 10:50,nan,nan,0.19258489
2024-12-15 10:50,nan,nan,0.19258489
2024-12-15 11:50,nan,nan,0.16199207
2024-12-15 12:50,nan,nan,0.066591784
2024-12-15 12:50,nan,nan,0.066591784
2024-12-15 13:50,nan,nan,nan
2024-12-15 13:50,nan,nan,nan
2024-12-15 14:50,nan,nan,nan
2024-12-15 14:50,nan,nan,nan
2024-12-15 15:50,nan,nan,nan
2024-12-15 15:50,nan,nan,nan
2024-12-15 16:50,nan,nan,nan
2024-12-15 16:50,nan,nan,nan
2024-12-15 17:50,nan,nan,nan
2024-12-15 17:50,nan,nan,nan
2024-12-15 18:50,nan,nan,nan
2024-12-15 18:50,nan,nan,nan
2024-12-15 19:50,nan,nan,nan
2024-12-15 19:50,nan,nan,nan
2024-12-15 20:50,nan,nan,nan
2024-12-15 20:50,nan,nan,nan
2024-12-16 10:50,nan,nan,0.21847706
2024-12-16 10:50,nan,nan,0.21847706
2024-12-16 11:50,nan,nan,0.1357146
2024-12-16 12:50,nan,nan,0.10396589
2024-12-16 12:50,nan,nan,0.10396589
2024-12-16 13:50,nan,nan,0.19142899
2024-12-16 13:50,nan,nan,0.19142899
2024-12-16 14:50,nan,nan,nan
2024-12-16 14:50,nan,nan,nan
2024-12-16 15:50,nan,0.14211059,nan
2024-12-16 15:50,nan,0.14211059,nan
2024-12-16 16:50,nan,0.20707218,nan
2024-12-16 16:50,nan,0.20707218,nan
2024-12-16 17:50,nan,0.43247265,nan
2024-12-16 17:50,nan,0.43247265,nan
2024-12-16 18:50,nan,nan,nan
2024-12-16 18:50,nan,nan,nan
2024-12-16 19:50,nan,nan,nan
2024-12-16 19:50,nan,nan,nan
2024-12-16 20:50,nan,nan,0.11190307
2024-12-16 20:50,nan,nan,0.11190307
2024-12-17 10:50,nan,nan,nan
2024-12-17 10:50,nan,nan,nan
2024-12-17 11:50,nan,nan,0.260783
2024-12-17 12:50,nan,nan,0.21115635
2024-12-17 12:50,nan,nan,0.21115635
2024-12-17 13:50,nan,nan,nan
2024-12-17 13:50,nan,nan,nan
2024-12-17 14:50,nan,nan,nan
2024-12-17 14:50,nan,nan,nan
2024-12-17 15:50,nan,0.14665712,nan
2024-12-17 15:50,nan,0.14665712,nan
2024-12-17 16:50,nan,0.23627792,nan
2024-12-17 16:50,nan,0.23627792,nan
2024-12-17 17:50,nan,nan,nan
2024-12-17 17:50,nan,nan,nan
2024-12-17 18:50,nan,nan,nan
2024-12-17 18:50,nan,nan,nan
2024-12-17 19:50,nan,nan,0.20468332
2024-12-17 19:50,nan,nan,0.20468332
2024-12-17 20:50,0.014190983,0.08269733,0.1633021
2024-12-17 20:50,0.014190983,0.08269733,0.1633021
2024-12-18 10:50,nan,nan,nan
2024-12-18 10:50,nan,nan,nan
2024-12-18 11:50,nan,0.21262048,nan
2024-12-18 12:50,nan,0.061659943,nan
2024-12-18 12:50,nan,0.061659943,nan
2024-12-18 13:50,nan,-0.05,nan
2024-12-18 13:50,nan,-0.05,nan
2024-12-18 14:50,nan,0.0470956,nan
2024-12-18 14:50,nan,0.0470956,nan
2024-12-18 15:50,nan,nan,nan
2024-12-18 15:50,nan,nan,nan
2024-12-18 16:50,nan,nan,nan
2024-12-18 16:50,nan,nan,nan
2024-12-18 17:50,nan,nan,nan
2024-12-18 17:50,nan,nan,nan
2024-12-18 18:50,nan,nan,nan
2024-12-18 18:50,nan,nan,nan
2024-12-18 19:50,nan,nan,nan
2024-12-18 19:50,nan,nan,nan
2024-12-18 20:50,nan,nan,nan
2024-12-18 20:50,nan,nan,nan
2024-12-19 10:50,nan,nan,nan
2024-12-19 10:50,nan,nan,nan
2024-12-19 11:50,nan,nan,nan
2024-12-19 12:50,nan,nan,nan
2024-12-19 12:50,nan,nan,nan
2024-12-19 13:50,nan,0.15860143,nan
2024-12-19 13:50,nan,0.15860143,nan
2024-12-19 14:50,nan,nan,nan
2024-12-19 14:50,nan,nan,nan
2024-12-19 15:50,nan,nan,nan
2024-12-19 15:50,nan,nan,nan
2024-12-19 16:50,nan,nan,nan
2024-12-19 16:50,nan,nan,nan
2024-12-19 17:50,nan,nan,nan
2024-12-19 17:50,nan,nan,nan
2024-12-19 18:50,nan,nan,nan
2024-12-19 18:50,nan,nan,nan
2024-12-19 19:50,nan,nan,nan
2024-12-19 19:50,nan,nan,nan
2024-12-19 20:50,nan,nan,nan
2024-12-19 20:50,nan,nan,nan
2024-12-20 10:50,nan,nan,nan
2024-12-20 10:50,nan,nan,nan
2024-12-20 11:50,nan,nan,nan
2024-12-20 12:50,nan,nan,nan
2024-12-20 12:50,nan,nan,nan
2024-12-20 13:50,nan,nan,nan
2024-12-20 13:50,nan,nan,nan
2024-12-20 14:50,nan,nan,nan
2024-12-20 14:50,nan,nan,nan
2024-12-20 15:50,nan,nan,nan
2024-12-20 15:50,nan,nan,nan
2024-12-20 16:50,nan,nan,nan
2024-12-20 16:50,nan,nan,nan
2024-12-20 17:50,nan,nan,nan
2024-12-20 17:50,nan,nan,nan
2024-12-20 18:50,nan,nan,nan
2024-12-20 18:50,nan,nan,nan
2024-12-20 19:50,nan,nan,nan
2024-12-20 19:50,nan,nan,nan
2024-12-20 20:50,nan,nan,nan
2024-12-20 20:50,nan,nan,nan
2024-12-21 10:50,nan,nan,nan
2024-12-21 10:50,nan,nan,nan
2024-12-21 11:50,nan,nan,nan
2024-12-21 12:50,nan,0.18048647,nan
2024-12-21 12:50,nan,0.18048647,nan
2024-12-21 13:50,nan,0.06967418,nan
2024-12-21 13:50,nan,0.06967418,nan
2024-12-21 14:50,nan,0.22548951,nan
2024-12-21 14:50,nan,0.22548951,nan
2024-12-21 15:50,nan,nan,nan
2024-12-21 15:50,nan,nan,nan
